latitude,longitude,date_local,aqi,local_site_name,site_address,state,county,city
41.975804,-70.023598,2019-01-15,34.0,TRURO NATIONAL SEASHORE,FOX BOTTOM AREA,Massachusetts,Barnstable,Truro
43.561043,-70.207324,2019-01-15,31.0,CETL - Cape Elizabeth Two Lights (State Park),"TWO LIGHTS STATE PARK, Near the Obsevation Tower",Maine,Cumberland,Not in a city
42.3295,-71.0826,2019-01-15,26.0,DUDLEY SQUARE ROXBURY,HARRISON AVE,Massachusetts,Suffolk,Boston
41.685707,-71.169235,2019-01-15,25.0,FALL RIVER,659 GLOBE ST,Massachusetts,Bristol,Fall River
44.37705,-68.2609,2019-01-15,32.0,MCFARLAND HILL Air Pollutant Research Site,567 Eagle Lake Road,Maine,Hancock,Not in a city
42.770837,-71.10229,2019-01-15,31.0,CONSENTINO SCHOOL.,685 WASHINGTON STREET,Massachusetts,Essex,Haverhill
42.211774,-71.11397,2019-01-15,30.0,BLUE HILL OBSERVATORY,695 HILLSIDE ST Blue Hill Observatory,Massachusetts,Norfolk,Milton
43.075371,-70.748017,2019-01-15,25.0,PORTSMOUTH - PEIRCE ISLAND,"PORTSMOUTH, PEIRCE ISLAND",New Hampshire,Rockingham,Portsmouth
46.696431,-68.033006,2019-01-15,25.0,MICMAC HEALTH DEPARTMENT,"8 NORTHERN ROAD, PRESQUE ISLE, ME 04769",Maine,Aroostook,Presque Isle
41.330469,-70.785225,2019-01-15,31.0,"1 HERRING CREEK RD, AQUINNAH (WAMPANOAG TRIBAL SITE)","1 HERRING CREEK RD, AQUINNAH(WAMPANOAG TRIBAL SITE)",Massachusetts,Dukes,Aquinnah
43.660246,-70.268965,2019-01-15,27.0,PDO - Portland Deering Oaks,"356 State Street, Portland,  Maine",Maine,Cumberland,Portland
42.474642,-70.970816,2019-01-15,32.0,LYNN WATER TREATMENT PLANT,390 PARKLAND,Massachusetts,Essex,Lynn
44.963633,-67.060728,2019-01-15,30.0,,184 COUNTY ROAD,Maine,Washington,Not in a city
46.6041,-68.4135,2019-01-15,29.0,Ashland,"45 Radar Rd, Ashland, ME 04732",Maine,Aroostook,Not in a city
41.645381,-70.897504,2019-01-15,29.0,FAIRHAVEN2,30 SCHOOL ST - HASTINGS MIDDLE SCHOOL,Massachusetts,Bristol,Fairhaven (Town of)
42.065106,-71.012129,2019-01-15,27.0,Brockton Buckley,170 Clinton Street(Buckley),Massachusetts,Plymouth,Brockton
36.742227,-107.977567,2019-01-15,32.0,1ZB Bloomfield,"2200 N 1st Street, Bloomfield, NM",New Mexico,San Juan,Bloomfield
41.373097,-111.042376,2019-01-15,39.0,Murphy Ridge,Murphy Ridge LOCATED NEAR WYOMING UTAH BORDER,Wyoming,Uinta,Not in a city
37.1984,-108.49046,2019-01-15,40.0,Mesa Verde NP - Resource Management Area,"MESA VERDE NATIONAL PARK, COLORADO",Colorado,Montezuma,Not in a city
40.736389,-111.872222,2019-01-15,14.0,Hawthorne,"1675 SOUTH 600 EAST, SALT LAKE CITY",Utah,Salt Lake,Salt Lake City
38.45832,-109.82126,2019-01-15,29.0,Canyonlands NP - Island in the Sky,"CANYONLANDS NATIONAL PARK, UTAH",Utah,San Juan,Not in a city
41.206321,-111.975524,2019-01-15,21.0,Ogden,"228 32ND STREET, OGDEN, UTAH",Utah,Weber,Ogden
41.303614,-111.987871,2019-01-15,19.0,Harrisville,"425 W 2550 NORTH, OGDEN, UTAH",Utah,Weber,Harrisville
40.341389,-111.713611,2019-01-15,16.0,Lindon,"30 NORTH MAIN STREET, LINDON, UTAH",Utah,Utah,Lindon
40.483598,-109.906796,2019-01-15,29.0,STATION NEAR INTERSECTION OF WHITEROCK CANYON RD & QURAY CANAL,WHITEROCKS & COUNTY ROAD,Utah,Uintah,Not in a city
40.136336,-111.660502,2019-01-15,15.0,Spanish Fork,"312 W. 2050 NORTH, SPANISH FORK, UTAH",Utah,Utah,Spanish Fork
41.492707,-112.018863,2019-01-15,20.0,Brigham City,"140 W.FISHBURN DRIVE, BRIGHAM CITY, UT",Utah,Box Elder,Brigham City
36.796667,-108.473138,2019-01-15,28.0,1H Substation,"Shiprock Electrical Substation, Waterflow, NM",New Mexico,San Juan,Not in a city
40.216779,-110.182742,2019-01-15,29.0,STATION LOCATED NEAR INTERSECTION OF 6000 SO & 10000 WEST,6000 SOUTH AND 10000 WEST (MYTON),Utah,Duchesne,Not in a city
40.038889,-107.8475,2019-01-15,30.0,,"Meeker, Colorado Plant Science Building",Colorado,Rio Blanco,Not in a city
40.086944,-108.761389,2019-01-15,25.0,"Rangely, Golf Course","Rangely Colorado, Golf Course",Colorado,Rio Blanco,Rangely
39.60996,-110.800749,2019-01-15,31.0,,"On Prperty of Resident at 351 W 2500 E.  Price, Utah",Utah,Carbon,Price
41.677667,-108.024835,2019-01-15,32.0,Wamsutter,WAMSUTTER SOUTHEAST PORTION OF SWEETWATER COUNTY,Wyoming,Sweetwater,Not in a city
36.809735,-107.652192,2019-01-15,35.0,,"423 HWAY 539, NAVAJO DAM, NM 87419",New Mexico,San Juan,Not in a city
36.05864,-112.1836,2019-01-15,35.0,Grand Canyon NP - The Abyss,"GRAND CANYON NATIONAL PARK, W RIM DRIVE",Arizona,Coconino,Grand Canyon Village
39.54182,-107.784125,2019-01-15,31.0,Rifle-Health Dept,195 W. 14th St.,Colorado,Garfield,Rifle
39.130575,-108.313835,2019-01-15,30.0,Palisade-Water Treatment,865 Rapid Creek Rd.,Colorado,Mesa,Palisade
40.206291,-109.353932,2019-01-15,33.0,,2 Miles west of Redwash atop Deadman's Bench,Utah,Uintah,Not in a city
40.05671,-109.688108,2019-01-15,31.0,,2 miles south of Ouray and south of the White and Green River confluence,Utah,Uintah,Not in a city
37.30389,-107.484167,2019-01-15,41.0,,Weminuche Wilderness Area - Shamrock Station,Colorado,La Plata,Not in a city
40.4372,-109.3047,2019-01-15,35.0,Dinosaur NM - West Entrance Housing,Dinosaur National Monument,Utah,Uintah,Not in a city
41.386944,-107.616667,2019-01-15,39.0,Atlantic Rim Sun Dog,ATLANTIC RIM SUNDOG LOCATION,Wyoming,Carbon,Not in a city
41.158,-108.619,2019-01-15,36.0,Hiawatha,Hiawatha Green Site,Wyoming,Sweetwater,Not in a city
38.9564,-106.9858,2019-01-15,47.0,Gothic,"Gunnison National Forest, Crested Butte, CO 81224",Colorado,Gunnison,Not in a city
40.294178,-110.009732,2019-01-15,29.0,,290 S. 1000 W.,Utah,Duchesne,Roosevelt
39.43806,-108.02611,2019-01-15,34.0,Battlement Mesa,Garfield County - Battlement Mesa,Colorado,Garfield,Battlement Mesa
40.46471,-109.561472,2019-01-15,32.0,,628 North 1700 West,Utah,Uintah,Vernal
40.496392,-112.036298,2019-01-15,20.0,,14058 Mirabella Dr.,Utah,Salt Lake,Herriman
39.4125,-107.23056,2019-01-15,33.0,"Rocky Mountain School, Carbondale","Rocky Mountain School, Carbondale",Colorado,Garfield,Not in a city
36.187742,-106.698369,2019-01-15,32.0,3CRD Coyote Ranger District,"21 New Mexico 96, Coyote, NM, 87012",New Mexico,Rio Arriba,Not in a city
40.600532,-112.353414,2019-01-15,29.0,,2163 W. Erda Way,Utah,Tooele,Erda
40.902967,-111.884467,2019-01-15,16.0,Bountiful Viewmont,"171 WEST 1370 NORTH, BOUNTIFUL, UTAH",Utah,Davis,Bountiful
37.205862,-107.254118,2019-01-15,35.0,,"398 CO- 151 Pagosa Springs, CO",Colorado,Archuleta,Not in a city
39.63551,-109.43128,2019-01-15,22.0,Red Leaf AQ,Seep Ridge Road,Utah,Uintah,Not in a city
40.662878,-111.901188,2019-01-15,15.0,,4951 South Galleria Dr,Utah,Salt Lake,Murray
38.8764,-107.6023,2019-01-15,33.0,"Paonia, Colorado","Paonia, Colorado",Colorado,Delta,Not in a city
37.775544,-111.615473,2019-01-15,30.0,,Escalante National Monument,Utah,Garfield,Escalante
40.712146,-112.111275,2019-01-15,24.0,,9228 West 2700 South,Utah,Salt Lake,Magna
36.035,-107.904167,2019-01-15,28.0,Chaco Culture NHP - Radio Repeater,Chaco Culture National Historical Park - Radio Repeater,New Mexico,San Juan,Not in a city
46.8943,-103.37853,2019-01-15,28.0,PAINTED CANYON,13881 I94 EAST,North Dakota,Billings,Not in a city
46.825425,-100.76821,2019-01-15,28.0,BISMARCK RESIDENTIAL,1810 N 16TH STREET,North Dakota,Burleigh,Bismarck
43.74561,-101.941218,2019-01-15,32.0,SOUTH OF BADLANDS NP HEADQUARTERS,BADLANDS PO BOX 6 HEADQUARTERS,South Dakota,Jackson,Not in a city
44.155636,-103.315765,2019-01-15,31.0,BLACK HAWK ELEMENTARY SCHOOL GROUNDS,7108 SEEAIRE ST - BLACK HAWK ELEMENTARY,South Dakota,Meade,Not in a city
43.55764,-103.48386,2019-01-15,37.0,Wind Cave NP - Visitor Center,"WIND CAVE NATIONAL PARK, SOUTH DAKOTA",South Dakota,Custer,Not in a city
43.873056,-104.191944,2019-01-15,37.0,,"Newcastle, WARMS station",Wyoming,Weston,Not in a city
41.182227,-104.778334,2019-01-15,41.0,Cheyenne NCore,NCore - North Cheyenne Soccer Complex,Wyoming,Laramie,Not in a city
44.6522,-105.2903,2019-01-15,32.0,Thunder Basin,THUNDER BASIN GRASSLAND SITE 35 MI N-NE GILLETTE WY,Wyoming,Campbell,Not in a city
41.08536,-104.52277,2019-01-15,41.0,Laramie County Mobile,County Road 140,Wyoming,Laramie,Not in a city
29.30265,-103.17781,2019-01-15,18.0,Big Bend NP - K-Bar Ranch Road,"BIG BEND NATIONAL PARK, TEXAS",Texas,Brewster,Not in a city
27.740033,-82.465146,2019-01-15,28.0,Simmons Park,2401 19th Avenue Northwest,Florida,Hillsborough,Ruskin
27.307268,-82.570376,2019-01-15,28.0,Lido Park,190 Taft Dr.,Florida,Sarasota,Sarasota
27.350278,-82.479722,2019-01-15,28.0,Paw Park,"4570 17th Street, Sarasota, FL 34232",Florida,Sarasota,Sarasota
27.189215,-81.34035,2019-01-15,31.0,Archbold Biological Station,123 MAIN DRIVE VENUS FL 33960,Florida,Highlands,Sebring
27.939746,-82.000084,2019-01-15,27.0,Sikes Elementary School,2727 SHEPHERD RD (JAMES W. SIKES ELM SCH,Florida,Polk,Lakeland
28.028889,-81.972222,2019-01-15,26.0,Baptist Childrens' Home,"1015 SIKES BLVD., LAKELAND",Florida,Polk,Lakeland
27.633089,-82.54593,2019-01-15,28.0,Port Manatee,"1801 Piney Point Rd., Palmetto, FL 34221",Florida,Manatee,Palmetto
27.480873,-82.618709,2019-01-15,28.0,G.T. BRAY PARK,5502 33RD AVE DRIVE W. (G T BRAY PARK),Florida,Manatee,Bradenton
28.45445,-81.381181,2019-01-15,26.0,Winegard Elementary School,"7055 WINEGARD RD., ORLANDO",Florida,Orange,Orlando
28.053611,-80.628611,2019-01-15,21.0,Melbourne,"401 West Florida Avenue, Melbourne, FL 32901",Florida,Brevard,Melbourne
27.928356,-82.454539,2019-01-15,27.0,Davis Island,"155 Columbia Dr, Tampa FL 33606",Florida,Hillsborough,Tampa
28.310841,-80.61533,2019-01-15,31.0,Cocoa Beach,400 SOUTH 4TH STREET,Florida,Brevard,Cocoa Beach
26.292025,-80.09647,2019-01-15,39.0,Pompano Highlands,1951 NE 48TH ST,Florida,Broward,Pompano Beach Highlands
28.332225,-82.305643,2019-01-15,27.0,San Antonio,30908 WARDER ROAD,Florida,Pasco,Dade City
28.195574,-82.756264,2019-01-15,26.0,Holiday,"3452 DARLINGTON RD., HOLIDAY",Florida,Pasco,Holiday
27.946688,-82.731767,2019-01-15,25.0,St. Petersburg College, 2435 SHARKEY RD.CLEARWATER,Florida,Pinellas,Clearwater
26.088421,-80.111193,2019-01-15,41.0,Dr. Von Mizell-Eula Johnson State Park (prev. John U Lloyd State Park),"7000 N. Ocean Drive, Dania, FL 33004",Florida,Broward,Dania
26.548212,-81.981523,2019-01-15,34.0,Cape Coral - Rotary Park,5505 ROSE GARDEN RD CAPE COREL FL 33914,Florida,Lee,Cape Coral
26.449247,-81.939256,2019-01-15,34.0,Bay Oaks Park,"2731 Oak Street, Ft. Myers Beach, FL 33931",Florida,Lee,Fort Myers Beach
27.785866,-82.739875,2019-01-15,24.0,Azalea Park,"7200-22 Avenue N., St. Petersburg, FL 33710",Florida,Pinellas,Saint Petersburg
25.732878,-80.16175,2019-01-15,34.0,Rosenstiel,"4600 Rickenbacker Causeway, Miami, FL 33149",Florida,Miami-Dade,Miami
25.587327,-80.325922,2019-01-15,37.0,Perdue,19590 OLD CUTLER RD-PERDUE MED. CENTER,Florida,Miami-Dade,Cutler Ridge
28.347509,-81.636464,2019-01-15,25.0,Osceola County Fire Station,"8706 W Irlo Bronson Memorial Hwy (SR 192), Kissimmee, FL 34747",Florida,Osceola,Kissimmee
27.96565,-82.2304,2019-01-15,31.0,SYDNEY,"1167 N Dover Road, Valrico, FL 33527",Florida,Hillsborough,Valrico
27.172458,-80.240689,2019-01-15,39.0,Stuart,950 SE MONTEREY RD,Florida,Martin,Stuart
26.073536,-80.33845,2019-01-15,42.0,Vista View Park,"3211 College Ave, Davie, FL 33314",Florida,Broward,Davie
27.089194,-82.362583,2019-01-15,27.0,Jackson Road,250 SOUTH JACKSON ROAD VENICE FLORIDA,Florida,Sarasota,Venice
26.270083,-81.710959,2019-01-15,35.0,LAURAL OAKS ELEMENTARY,7800 IMMOKALEE ROAD NAPLES 34119,Florida,Collier,Naples
27.389079,-80.311033,2019-01-15,37.0,Savannas,1420 E Midway rd,Florida,St. Lucie,Fort Pierce
27.8492,-80.4554,2019-01-15,35.0,Indian River Lagoon,"Sebastian Inlet State Recreation Area, Vero Beach, FL 32963",Florida,Indian River,Not in a city
26.593808,-80.058492,2019-01-15,38.0,Lantana Preserve,"968 N 8th Street, Lantana, FL 33462",Florida,Palm Beach,Lantana
26.053889,-80.256944,2019-01-15,40.0,Daniela Banu NCORE,"5300 South Pine Island Road, Davie, FL 33328",Florida,Broward,Davie
27.449763,-82.522041,2019-01-15,26.0,39TH STREET SITE,5511 39TH STREET EAST,Florida,Manatee,Bradenton
26.687606,-80.219619,2019-01-15,34.0,Lamstein Lane,"151 Lamstein Lane, Royal Palm Beach, FL 33411",Florida,Palm Beach,Not in a city
28.090299,-82.700707,2019-01-15,26.0,John Chesnut Sr. Park - East Lake,"2200 East Lake Rd, Palm Harbor, FL 34865",Florida,Pinellas,Tarpon Springs
40.27813,-105.54564,2019-01-15,44.0,Rocky Mountain NP - Long's Peak,ROCKY MOUNTAIN NP,Colorado,Larimer,Not in a city
40.27813,-105.54564,2019-01-15,44.0,Rocky Mountain NP - Long's Peak,ROCKY MOUNTAIN NP,Colorado,Larimer,Not in a city
40.57747,-105.07892,2019-01-15,28.0,Fort Collins - CSU - S. Mason,708 S. Mason St.,Colorado,Larimer,Fort Collins
39.838119,-104.94984,2019-01-15,23.0,Welby,3174 E. 78TH AVE.,Colorado,Adams,Welby
39.567887,-104.957193,2019-01-15,42.0,HIGHLAND RESERVOIR,8100 S. UNIVERSITY BLVD,Colorado,Arapahoe,Southglenn
39.751184,-104.987625,2019-01-15,3.0,DENVER - CAMP,2105 BROADWAY,Colorado,Denver,Denver
39.638781,-105.13948,2019-01-15,31.0,WELCH,12400 W. HWY 285,Colorado,Jefferson,Lakewood
39.912799,-105.188587,2019-01-15,29.0,ROCKY FLATS-N,16600 W COLO #128,Colorado,Jefferson,Not in a city
39.743724,-105.177989,2019-01-15,40.0,NATIONAL RENEWABLE ENERGY LABS - NREL,2054 QUAKER ST.,Colorado,Jefferson,Applewood
39.534488,-105.070358,2019-01-15,40.0,Chatfield State Park,11500 N. Roxborough Park Rd.,Colorado,Douglas,Roxborough Park
38.853097,-104.901289,2019-01-15,41.0,MANITOU SPRINGS,101 BANKS PL.,Colorado,El Paso,Manitou Springs (Manitou)
40.592543,-105.141122,2019-01-15,37.0,FORT COLLINS - WEST,3416 LA PORTE AVE.,Colorado,Larimer,Fort Collins
39.541515,-105.29841,2019-01-15,38.0,Aspen Park,26137 Conifer Road,Colorado,Jefferson,Aspen Park
40.386368,-104.73744,2019-01-15,26.0,Greeley - Weld County Tower,3101 35TH AVE.,Colorado,Weld,Greeley
35.61975,-106.07968,2019-01-15,37.0,,"2001 Aviation Drive, Santa Fe, NM",New Mexico,Santa Fe,Not in a city
41.3642,-106.2399,2019-01-15,45.0,Centennial,"Roosevelt National Forest, Centennial, WY 82055",Wyoming,Albany,Not in a city
39.77949,-105.00518,2019-01-15,27.0,La Casa,4545 Navajo St.,Colorado,Denver,Not in a city
39.794391,-105.76398,2019-01-15,42.0,Mines Peak,Near summit of Berthoud Pass off US Highway 40,Colorado,Clear Creek,Not in a city
40.070016,-105.220238,2019-01-15,31.0,Boulder Reservoir,5545 Reservoir Road.,Colorado,Boulder,Boulder
35.206111,-111.652777,2019-01-15,31.0,FLAGSTAFF MIDDLE SCHOOL,755 W BONITO,Arizona,Coconino,Flagstaff
36.048705,-115.052942,2019-01-15,21.0,Green Valley,298 ARROYO GRANDE,Nevada,Clark,Henderson
35.978149,-114.846313,2019-01-15,31.0,Boulder City,1005 INDUSTRIAL ROAD,Nevada,Clark,Boulder City
39.00512,-114.21593,2019-01-15,29.0,Great Basin NP - Maintenance Yard,GREAT BASIN NATIONAL PARK,Nevada,White Pine,Not in a city
36.141875,-115.078742,2019-01-15,19.0,Jerome Mack-NCore,4250 Karen Ave,Nevada,Clark,Sunrise Manor
37.1983,-113.1506,2019-01-15,26.0,Zion NP - Dalton's Wash,"ZION NATIONAL PARK, UTAH",Utah,Washington,Virgin
34.82251,-109.89249,2019-01-15,26.0,Petrified Forest NP - South Entrance,"PET FOR NAT PARK, NEAR OLD SW ENTERANCE ON OLD ROUTE 180",Arizona,Navajo,Not in a city
37.179125,-113.305096,2019-01-15,27.0,,"147 N 870 W, Hurrricane, Utah",Utah,Washington,Hurricane
37.74743,-113.055525,2019-01-15,21.0,,3840 North 325 East,Utah,Iron,Enoch
34.612055,-112.463213,2019-01-15,34.0,Prescott Pioneer Park,1200 Commerce Dr.,Arizona,Yavapai,Prescott
32.041212,-106.40971,2019-01-15,37.0,6ZK Chaparral,"680 MCCOMBS, CHAPARRAL, NM",New Mexico,Dona Ana,Not in a city
31.796218,-106.584434,2019-01-15,31.0,6ZM Desert View,"5935A VALLE VISTA, SUNLAND PARK, NM",New Mexico,Dona Ana,Not in a city
31.787885,-106.683324,2019-01-15,31.0,6ZN Santa Teresa,"104-2 SANTA TERESA INTERNATIONAL BLVD,NM",New Mexico,Dona Ana,Not in a city
32.380118,-104.262726,2019-01-15,23.0,5ZR ON BLM LAND BORDERING RESIDENTIAL AREA OUTSIDE CARLSBAD CITY LIM,"2811 HOLLAND ST,CARLSBAD,NM",New Mexico,Eddy,Carlsbad
31.785769,-106.323578,2019-01-15,31.0,Ivanhoe,10834 Ivanhoe (Ivanhoe Fire Station),Texas,El Paso,El Paso
31.768291,-106.50126,2019-01-15,29.0,El Paso UTEP,250 Rim Rd,Texas,El Paso,El Paso
31.765685,-106.455227,2019-01-15,28.0,El Paso Chamizal,800 S San Marcial Street,Texas,El Paso,El Paso
31.746775,-106.402806,2019-01-15,15.0,Ascarate Park SE,650 R E Thomason Loop,Texas,El Paso,El Paso
31.6675,-106.288,2019-01-15,29.0,Socorro Hueco,320 Old Hueco Tanks Road,Texas,El Paso,El Paso
31.893913,-106.425827,2019-01-15,32.0,Skyline Park,5050A Yvette Drive,Texas,El Paso,El Paso
31.930659,-106.631103,2019-01-15,33.0,6O La Union,"7048 McNutt, La Union, NM",New Mexico,Dona Ana,Not in a city
32.317593,-106.768337,2019-01-15,34.0,6ZQ Solano,"750 N.SOLANO DRIVE, LAS CRUCES, NM",New Mexico,Dona Ana,Las Cruces
32.726656,-103.122917,2019-01-15,26.0,5ZS Hobbs Jefferson,"2320 N. JEFFERSON ST, HOBBS, NEW MEXICO",New Mexico,Lea,Hobbs
34.8147,-106.7396,2019-01-15,24.0,,"1000 W. MAIN ST, LOS LUNAS, NM 87031",New Mexico,Valencia,Not in a city
35.01708,-106.65739,2019-01-15,19.0,SOUTH VALLEY,201 PROSPERITY SE,New Mexico,Bernalillo,South Valley
34.8803,-101.6649,2019-01-15,30.0,Palo Duro,"Palo Duro Canyon State Park, Canyon, TX 79015",Texas,Randall,Not in a city
35.050551,-118.147294,2019-01-15,29.0,Mojave," 923 POOLE STREET, MOJAVE, CA 93501",California,Kern,Mojave
35.356615,-119.062613,2019-01-15,31.0,Bakersfield-California,"5558 California Ave., Bakersfield CA 93309",California,Kern,Bakersfield
36.48187,-121.73333,2019-01-15,32.0,Carmel Valley,35 Ford Road,California,Monterey,Carmel Valley Village
35.438035,-119.016787,2019-01-15,35.0,Oildale,"3311 Manor St, Oildale CA 93308",California,Kern,Oildale
35.503587,-119.272606,2019-01-15,35.0,Shafter,"548 WALKER ST., SHAFTER, CA., 93263",California,Kern,Shafter
35.614668,-120.656912,2019-01-15,33.0,Paso Robles,"235 SANTA FE AVENUE, PASO ROBLES, CA",California,San Luis Obispo,El Paso de Robles (corporate name for Paso Robles)
36.694261,-121.623271,2019-01-15,34.0,Salinas 3,867 E. LAUREL Dr,California,Monterey,Salinas
33.78942,-117.22764,2019-01-15,33.0,Perris,"237 1/2 N. 'D' ST., PERRIS",California,Riverside,Perris
33.99958,-117.41601,2019-01-15,28.0,Rubidoux,"5888 MISSION BLVD., RUBIDOUX",California,Riverside,Rubidoux
33.67649,-117.33098,2019-01-15,36.0,Lake Elsinore,"506 W FLINT ST, LAKE ELSINORE",California,Riverside,Lake Elsinore
35.36631,-120.84271,2019-01-15,36.0,Morro Bay,"MORRO BAY BLVD & KERN AVE, MORRO BAY",California,San Luis Obispo,Morro Bay
35.03146,-120.50103,2019-01-15,37.0,Nipomo Regional Park (NRP),"NIPOMO REGIONAL PARK, NIPOMO, CA.",California,San Luis Obispo,Nipomo
35.64368,-120.23135,2019-01-15,34.0,Red Hills,3601 GILLIS CANYON ROAD,California,San Luis Obispo,Not in a city
36.31567,-119.643447,2019-01-15,25.0,Hanford-Irwin,"807 SOUTH IRWIN ST., HANFORD",California,Kings,Hanford
34.1365,-117.92391,2019-01-15,37.0,Azusa,"803 N. LOREN AVE., AZUSA",California,Los Angeles,Azusa
34.14435,-117.85036,2019-01-15,31.0,Glendora,"840 LAUREL, GLENDORA",California,Los Angeles,Glendora
34.46245,-120.02551,2019-01-15,37.0,El Capitan,"EL CAPITAN ST PRK, HWY 10",California,Santa Barbara,Capitan
34.942872,-120.435611,2019-01-15,31.0,Santa Maria,906 S BROADWAY - SANTA MARIA,California,Santa Barbara,Santa Maria
34.725352,-120.428717,2019-01-15,42.0,Lompoc HSP,"HS & P FACILITY-500 M SW, LOMPOC",California,Santa Barbara,Lompoc
34.54166,-119.79146,2019-01-15,38.0,Paradise Road,PARADISE RD-LOS PADRES National Forest,California,Santa Barbara,Los Padres National Forest
36.843425,-121.3621,2019-01-15,35.0,Hollister,1979 Fairview Rd,California,San Benito,Hollister
36.48324,-121.15688,2019-01-15,34.0,Pinnacles NP - Southwest of East Entrance Station,"Northeast entrance, Pinnacles National Park",California,San Benito,Not in a city
34.89398,-117.024804,2019-01-15,19.0,Barstow,"200 E. BUENA VISTA, BARSTOW",California,San Bernardino,Barstow
34.2431,-117.27235,2019-01-15,43.0,Crestline,"LAKE GREGORY-LAKE DR, CRESTLINE",California,San Bernardino,Crestline
34.52744,-120.1965,2019-01-15,23.0,Nojoqui,"GTC B-HWY 101 NEAR NOJOQUI PASS, GAVIOTA",California,Santa Barbara,Gaviota
34.403052,-119.457914,2019-01-15,42.0,Carpinteria,"GOBERNADOR RD, CARPINTERIA",California,Santa Barbara,Carpinteria
33.63003,-117.67593,2019-01-15,39.0,Mission Viejo,"26081 VIA PERA, MISSION VIEJO, CA 92691",California,Orange,Mission Viejo
36.48947,-118.82915,2019-01-15,31.0,Sequoia & Kings Canyon NPs - Ash Mountain,SEQUOIA & KINGS CANYON NP,California,Tulare,Not in a city
36.332179,-119.291228,2019-01-15,20.0,Visalia-Church,"310 N CHURCH ST, VISALIA",California,Tulare,Visalia
34.05111,-118.45636,2019-01-15,31.0,West Los Angeles,"VA HOSPITAL, WEST LOS ANGELES",California,Los Angeles,West Los Angeles
36.705474,-119.741332,2019-01-15,25.0,Fresno-Drummond,"4706 E. DRUMMOND ST., FRESNO",California,Fresno,Not in a city
36.597442,-119.503659,2019-01-15,24.0,Parlier,"9240 S. RIVERBEND, PARLIER 93648",California,Fresno,Parlier
34.510961,-117.32554,2019-01-15,38.0,Victorville-Park Avenue,"14306 PARK AVE., VICTORVILLE, CA",California,San Bernardino,Victorville
34.06659,-118.22688,2019-01-15,28.0,Los Angeles-North Main Street,"1630 N MAIN ST, LOS ANGELES",California,Los Angeles,Los Angeles
34.19925,-118.53276,2019-01-15,31.0,Reseda,"18330 GAULT ST., RESEDA",California,Los Angeles,Reseda
34.06703,-117.7514,2019-01-15,24.0,Pomona,"924 N. GAREY AVE., POMONA",California,Los Angeles,Pomona
34.1326,-118.1272,2019-01-15,30.0,Pasadena,"752 S. WILSON AVE., PASADENA",California,Los Angeles,Pasadena
34.63782,-120.4575,2019-01-15,20.0,Lompoc H Street,"128 S 'H' ST, LOMPOC",California,Santa Barbara,Lompoc
34.44551,-119.8284,2019-01-15,31.0,Goleta,"380 N FAIRVIEW AVENUE, GOLETA",California,Santa Barbara,Goleta
34.605819,-120.075069,2019-01-15,37.0,Santa Ynez,"900 AIRPORT RD., SANTA YNEZ",California,Santa Barbara,Not in a city
33.92513,-117.95264,2019-01-15,28.0,La Habra,"621 W. LAMBERT, LA HABRA",California,Orange,La Habra
34.10374,-117.62914,2019-01-15,30.0,Upland,"1350 SAN BERNARDINO RD., UPLAND",California,San Bernardino,Upland
35.77417,-117.3714,2019-01-15,27.0,Trona - Athol/Telescope #2,"Corner of Athol and Telescope, Trona",California,San Bernardino,Searles Valley
34.41639,-117.2858,2019-01-15,41.0,Hesperia-Olive Street,"17288 OLIVE ST., HESPERIA",California,San Bernardino,Hesperia
34.05977,-117.14731,2019-01-15,35.0,Redlands,"500 N. DEARBORN, REDLANDS, CA. 92373",California,San Bernardino,Redlands
34.210169,-118.870509,2019-01-15,35.0,Thousand Oaks,"2323 Moorpark Road, Thousand Oaks, CA  91360",California,Ventura,Thousand Oaks
34.404281,-118.80998,2019-01-15,34.0,Piru - Pacific,"3301 PACIFIC AVENUE, PIRU, CA  93040",California,Ventura,Piru
34.448057,-119.231299,2019-01-15,33.0,Ojai - East Ojai Ave,"1201 E. OJAI AVENUE, OJAI, CA  93023",California,Ventura,Ojai
34.276316,-118.683685,2019-01-15,35.0,Simi Valley-Cochran Street,"5400 COCHRAN STREET, SIMI VALLEY, CA  93063",California,Ventura,Simi Valley
34.25239,-119.143182,2019-01-15,32.0,El Rio-Rio Mesa School #2,"545 CENTRAL AVENUE, OXNARD, CA  93030",California,Ventura,Not in a city
34.106678,-117.274063,2019-01-15,36.0,San Bernardino,"24302 4TH ST., SAN BERNARDINO, CA.",California,San Bernardino,San Bernardino
34.38344,-118.5284,2019-01-15,31.0,Santa Clarita,"22224 PLACERITA CANYON RD, SANTA CLARITA",California,Los Angeles,Santa Clarita
34.669739,-118.130511,2019-01-15,23.0,Lancaster-Division Street,"43301 DIVISION ST., LANCASTER, CA",California,Los Angeles,Lancaster
36.98332,-121.98822,2019-01-15,40.0,Santa Cruz,960 Bostwick Lane,California,Santa Cruz,Live Oak
32.631242,-117.059088,2019-01-15,34.0,Chula Vista,"84 E. 'J' ST., CHULA VISTA",California,San Diego,Chula Vista
36.867125,-120.010158,2019-01-15,25.0,Madera-Pump Yard,RD. 29 1/2 NO. OF AVE 8 MADERA COUNTY,California,Madera,Madera
36.508611,-116.847778,2019-01-15,32.0,Death Valley NP - Park Village,"DEATH VALLEY NM, DEATH VALLEY, CA",California,Inyo,Not in a city
36.508611,-116.847778,2019-01-15,32.0,Death Valley NP - Park Village,"DEATH VALLEY NM, DEATH VALLEY, CA",California,Inyo,Not in a city
35.051454,-119.40262,2019-01-15,39.0,Maricopa,"755 Stanislaus St., Maricopa CA 93352",California,Kern,Maricopa
34.01029,-118.0685,2019-01-15,29.0,Pico Rivera #2,"4144 SAN GABRIEL RIVER PKWY, PICO RIVERA",California,Los Angeles,Pico Rivera
35.35472,-120.04019,2019-01-15,32.0,Carrizo Plains,9640 CARRIZO HIGHWAY,California,San Luis Obispo,Not in a city
32.845709,-117.123964,2019-01-15,33.0,Kearny Villa Rd.,"6125A KEARNY VILLA RD., SAN DIEGO",California,San Diego,San Diego
33.95507,-118.43049,2019-01-15,26.0,LAX Hastings,7201 W. WESTCHESTER PARKWAY,California,Los Angeles,Los Angeles
33.362593,-117.09023,2019-01-15,29.0,Pala Airpad,"10848 HWY 76, PALA, CA 92059",California,San Diego,Pala
36.233274,-119.766212,2019-01-15,25.0,Santa Rosa Rancheria,17225 Jersey Ave.,California,Kings,Not in a city
34.427775,-119.691218,2019-01-15,32.0,Santa Barbara,700 E. CANON PERDIDO,California,Santa Barbara,Santa Barbara
32.57816,-116.92135,2019-01-15,33.0,Donovan,"480 ALTA RD, OTAY MESA, CA",California,San Diego,Otay Mesa
35.25651,-120.6693,2019-01-15,36.0,San Luis Obispo,"3220 SOUTH HIGUERA STREET, SAN LUIS OBISPO",California,San Luis Obispo,San Luis Obispo
33.901389,-118.205,2019-01-15,23.0,Compton,700 North Bullis Road,California,Los Angeles,Compton
33.99636,-117.4924,2019-01-15,28.0,Mira Loma (Van Buren),5130 POINSETTIA PLACE,California,Riverside,Mira Loma
36.841592,-119.874739,2019-01-15,27.0,Fresno-Sky Park,"SIERRA SKYPARK#2-BLYTHE & CHNNLT, FRESNO",California,Fresno,Fresno
35.345607,-118.851825,2019-01-15,35.0,Edison,"JOHNSON FARM, EDISON, CA. 93320",California,Kern,Not in a city
33.944713,-116.830074,2019-01-15,40.0,Morongo Air Monitoring Station,"12160 Santiago Rd. Banning, CA 92220",California,Riverside,Banning
34.4251,-117.5898,2019-01-15,38.0,Phelan-Beekley Road & Phelan Road,"BEEKLEY & PHELAN RDS, PHELAN",California,San Bernardino,Not in a city
34.10002,-117.49201,2019-01-15,29.0,Fontana,"14360 ARROW BLVD., FONTANA",California,San Bernardino,Fontana
33.83062,-117.93845,2019-01-15,31.0,Anaheim,1630 W. PAMPAS LANE,California,Orange,Anaheim
33.217055,-117.396177,2019-01-15,35.0,Camp Pendleton,21441-W B STREET,California,San Diego,Camp Pendleton South
34.48974,-120.04692,2019-01-15,40.0,Los Flores Canyon #1,LFC #1-LAS FLORES CANYON,California,Santa Barbara,Capitan
36.999571,-121.574684,2019-01-15,32.0,Gilroy,9TH & PRINCEVILLE,California,Santa Clara,Gilroy
36.209286,-121.126371,2019-01-15,34.0,King City 2,415 Pearl Street,California,Monterey,King City
36.031831,-119.055018,2019-01-15,24.0,Porterville,"1839 South Newcomb Street Porterville, CA 93257",California,Tulare,Porterville
36.634225,-120.382331,2019-01-15,26.0,Tranquillity,32650 West Adams Avenue Tranquillity CA 93668,California,Fresno,Not in a city
35.23918,-118.78863,2019-01-15,34.0,Arvin-Di Giorgio,"19405 BUENA VISTA BLVD, ARVIN, CA., 93203",California,Kern,Arvin
36.78538,-119.77321,2019-01-15,24.0,Fresno - Garland,"3727 N FIRST ST, FRESNO",California,Fresno,Fresno
35.331612,-118.999961,2019-01-15,26.0,Bakersfield-Muni,2000 South Union Ave. Bakersfield CA  93307,California,Kern,Bakersfield
33.583018,-117.072202,2019-01-15,43.0,Temecula,"33700 Borel Road, Winchester, CA 92596",California,Riverside,Not in a city
33.8025,-118.22,2019-01-15,27.0,Long Beach (Hudson),"2425 Webster St., Long Beach, CA",California,Los Angeles,Long Beach
33.92086,-116.85841,2019-01-15,35.0,Banning Airport,"200 S. HATHAWAY ST., BANNING CA",California,Riverside,Banning
32.789565,-116.944308,2019-01-15,37.0,El Cajon - Lexington Elementary School,533 First Street,California,San Diego,El Cajon
35.49453,-120.66617,2019-01-15,36.0,Atascadero,"5599 Traffic Way, Atascadero CA",California,San Luis Obispo,Atascadero
36.985119,-119.658339,2019-01-15,35.0,Table Mountain Air Monitoring Site,Milerton Road and Winchell Cove Road,California,Fresno,Not in a city
35.856111,-78.574167,2019-01-15,22.0,Millbrook School,3801 SPRING FOREST RD.,North Carolina,Wake,Raleigh
35.2401,-80.785683,2019-01-15,22.0,Garinger High School,1130 EASTWAY DRIVE,North Carolina,Mecklenburg,Charlotte
34.805261,-83.2377,2019-01-15,31.0,LONG CREEK,ROUND MOUNTAIN TOWER ROAD [Long Creek],South Carolina,Oconee,Not in a city
34.093959,-80.962304,2019-01-15,15.0,PARKLANE,8311 PARKLANE ROAD [Parklane],South Carolina,Richland,Dentsville (Dents)
33.81468,-80.781135,2019-01-15,15.0,CONGAREE BLUFF,1850 SOUTH CEDAR CREEK ROAD [Congaree Bluff],South Carolina,Richland,Not in a city
34.131262,-80.868318,2019-01-15,17.0,SANDHILL EXPERIMENTAL STATION,900 CLEMSON ROAD [Sandhill],South Carolina,Richland,Not in a city
35.696758,-83.609612,2019-01-15,40.0,Great Smoky Mountains NP - Cove Mountain,GREAT SMOKY MOUNTAIN NP COVE MOUNTAIN,Tennessee,Sevier,Not in a city
32.941023,-79.657187,2019-01-15,18.0,CAPE ROMAIN,390 BULLS ISLAND ROAD (AWENDAW) [Cape Romain],South Carolina,Charleston,Not in a city
33.739963,-81.853635,2019-01-15,16.0,TRENTON,660 WOODYARD ROAD [Trenton],South Carolina,Edgefield,Not in a city
35.551868,-80.395039,2019-01-15,25.0,Rockwell,301 WEST ST & GOLD HILL AVENUE,North Carolina,Rowan,Rockwell
34.751848,-82.256701,2019-01-15,26.0,Hillcrest Middle School,510 Garrison Road [Hillcrest],South Carolina,Greenville,Simpsonville
35.2632,-79.8365,2019-01-15,23.0,Candor,"136 Perry Dr, Candor, NC 27229",North Carolina,Montgomery,Not in a city
35.0608,-83.4306,2019-01-15,31.0,Coweeta,"USDA Southern Research Station, Coweeta Hydrologic Laboratory, Otto, NC 28763",North Carolina,Macon,Not in a city
36.1058,-82.0454,2019-01-15,38.0,Cranberry,"Pisgah National Forest, Newland, NC 28657",North Carolina,Avery,Not in a city
34.977,-81.207,2019-01-15,27.0,YORK (LANDFILL),310 LANGRUM RD (York Landfill),South Carolina,York,Not in a city
40.55013,-122.38092,2019-01-15,23.0,Redding - Health Department,"HLTH CTR-2630 BRESLAUER WAY, REDDING",California,Shasta,Redding
40.53999,-121.57646,2019-01-15,36.0,Lassen Volcanic NP - Manzanita Lake Fire Station,"MANZANITA LAKE RS, LASSEN VOLCANIC NP",California,Shasta,Not in a city
41.726892,-122.633579,2019-01-15,29.0,Yreka,"530 FOOTHILL DR., YREKA",California,Siskiyou,Yreka
45.496641,-122.602877,2019-01-15,19.0,Portland - SE Lafayette,SE LAFAYETTE/5824 SE LAFAYETTE,Oregon,Multnomah,Portland
40.689253,-122.402194,2019-01-15,22.0,Shasta Lake - Lake Blvd,"13791 Lake Blvd, Shasta Lake, CA",California,Shasta,Shasta Lake
40.77678,-124.17949,2019-01-15,25.0,Jacobs,717 SOUTH AVENUE,California,Humboldt,Eureka
45.393497,-122.747894,2019-01-15,16.0,Tualatin Bradbury Court (TBC) - Near Road Site,"6745 Bradbury Court, Tualatin, OR  (NO2 roadway site)",Oregon,Washington,Tualatin
40.17093,-122.25556,2019-01-15,30.0,Red Bluff-Walnut St. District Office,"1834 Walnut Street, Red Bluff, CA 96080",California,Tehama,Red Bluff
42.22862,-83.2082,2019-01-15,24.0,Allen Park,14700 GODDARD,Michigan,Wayne,Allen Park
40.46542,-79.960757,2019-01-15,28.0,Lawrenceville,"301 39th St, Pittsburgh, PA 15201 (Lawrenceville)",Pennsylvania,Allegheny,Pittsburgh
40.309722,-78.915,2019-01-15,31.0,,MILLER AUTO SHOP 1 MESSENGER ST,Pennsylvania,Cambria,Johnstown
42.99328,-78.77153,2019-01-15,30.0,AMHERST,"AUDUBON GOLF COURSE, 450 MAPLE ROAD",New York,Erie,Amherst
42.14175,-80.038611,2019-01-15,25.0,,10TH AND MARNE STREETS,Pennsylvania,Erie,Erie
39.12886,-84.50404,2019-01-15,21.0,Taft NCore,250 WM. HOWARD TAFT,Ohio,Hamilton,Cincinnati
42.49963,-79.31881,2019-01-15,30.0,DUNKIRK,"STP,  Wright Park Drive,  DUNKIRK",New York,Chautauqua,Dunkirk
40.814183,-79.56475,2019-01-15,32.0,LAT/LON IS CENTER OF TRAILER,GLADE DR. & NOLTE RD. KITTANNING,Pennsylvania,Armstrong,Kittanning
40.56252,-80.503948,2019-01-15,37.0,,ROUTE 168 & TOMLINSON ROAD,Pennsylvania,Beaver,Not in a city
40.684722,-80.359722,2019-01-15,38.0,DRIVEWAY TO BAKEY RESIDENCE,1015 SEBRING ROAD,Pennsylvania,Beaver,Not in a city
41.492117,-81.678449,2019-01-15,27.0,GT Craig NCore,E. 14TH & ORANGE,Ohio,Cuyahoga,Cleveland
41.215014,-80.484779,2019-01-15,31.0,,PA518 (NEW CASTLE ROAD) & PA418,Pennsylvania,Mercer,Farrell
40.995848,-80.346442,2019-01-15,29.0,,CROTON ST & JEFFERSON ST.,Pennsylvania,Lawrence,New Castle
40.146667,-79.902222,2019-01-15,32.0,,CHARLER01 WASTE TREATMENT PLANT,Pennsylvania,Washington,Charleroi
40.445278,-80.420833,2019-01-15,27.0,,HILLMAN STATE PARK - KINGS CREEK ROAD,Pennsylvania,Washington,Not in a city
40.617488,-79.727664,2019-01-15,33.0,Harrison,"1500 Pacific Ave, Natrona Heights, PA 15065 (Harrison)",Pennsylvania,Allegheny,Harrison Township
40.747796,-80.316442,2019-01-15,32.0,,EIGHT STREET AND RIVER ALLEY,Pennsylvania,Beaver,Beaver Falls
39.80933,-80.26567,2019-01-15,31.0,75 KM SSW OF PITTSBURGH RURAL SITE ON A KNOLL WITHIN A LARGE CLEARIN,4.8 KM SE OF HOLBROOK,Pennsylvania,Greene,Not in a city
40.56333,-78.919972,2019-01-15,33.0,,PA. DEPT. OF TRANSPORTATION - RT.403 - Strongstown,Pennsylvania,Indiana,Not in a city
38.8795,-80.8477,2019-01-15,32.0,Cedar Creek,"Cedar Creek State Park, Cedarville, WV 26611",West Virginia,Gilmer,Not in a city
39.9878,-79.2515,2019-01-15,33.0,Laurel Hill,"Laurel Hill State Park, Rockwood, PA 15557",Pennsylvania,Somerset,Not in a city
39.6359,-83.2605,2019-01-15,29.0,Deer Creek,"Deer Creek State Park, Mt Sterling, OH 43143",Ohio,Fayette,Not in a city
39.9428,-81.3373,2019-01-15,31.0,Quaker City,"58163 St. Johns Rd, Quaker City, OH 43773",Ohio,Noble,Not in a city
43.6138,-83.3591,2019-01-15,19.0,Unionville,"1821 E. Dickerson Rd, Unionville, MI 48767",Michigan,Tuscola,Not in a city
42.416636,-83.902185,2019-01-15,26.0,Ann Arbor,"10070 Strawberry Lake Rd, Dexter, MI 48130",Michigan,Washtenaw,Not in a city
39.0905,-79.6617,2019-01-15,33.0,Parsons,"USDA Northern Research Station, Monongahela National Forest, Parsons, WV 26287",West Virginia,Tucker,Not in a city
41.4271,-80.1451,2019-01-15,32.0,M.K. Goddard,"Maurice K Goddard State Park, Sandy Lake, PA 16145",Pennsylvania,Mercer,Not in a city
41.598119,-78.767867,2019-01-15,35.0,Kane Exp. Forest,"Kane Experimental Forest, Allegheny National Forest, Wilcox, PA 15870",Pennsylvania,Elk,Not in a city
38.346258,-81.621161,2019-01-15,30.0,,CHARLESTON - 1436 DIXIE STREET,West Virginia,Kanawha,Charleston
40.304694,-79.505667,2019-01-15,30.0,LAT/LON POINT IS TRAILER,DONOHOE ROAD - PENN DOT MAINT DIST BLDG,Pennsylvania,Westmoreland,Greensburg
40.375644,-80.169943,2019-01-15,34.0,South Fayette,"3640 Old Oakdale Rd, McDonald, PA 15057 (South Fayette)",Pennsylvania,Allegheny,McDonald
42.761387,-84.562779,2019-01-15,23.0,,815 FILLEY,Michigan,Ingham,Lansing
39.917663,-79.805499,2019-01-15,32.0,,New Salem Rd,Pennsylvania,Fayette,Uniontown
33.70853,-116.21537,2019-01-15,29.0,Indio,"46-990 JACKSON ST., INDIO",California,Riverside,Indio
37.360684,-118.330783,2019-01-15,31.0,White Mountain Research Center - Owens Valley Lab,"WMRC/NCORE, 3000 E. LINE ST., BISHOP, CA. 93514",California,Inyo,Not in a city
34.06957,-116.38893,2019-01-15,41.0,Joshua Tree NP - Black Rock,JOSHUA TREE NATIONAL MONUMENT,California,San Bernardino,Not in a city
37.71325,-119.7062,2019-01-15,37.0,Yosemite NP - Turtleback Dome,"TURTLEBACK DOME, YOSEMITE NATL' PK 95389",California,Mariposa,Not in a city
37.362137,-118.417478,2019-01-15,22.0,Bishop Tribe EMO,50 TU SU LANE,California,Inyo,Bishop
39.472471,-118.783624,2019-01-15,36.0,Fallon,280 SOUTH RUSSELL STREET,Nevada,Churchill,Fallon
36.106389,-115.253333,2019-01-15,19.0,Paul Meyer,4525 NEW FOREST DRIVE,Nevada,Clark,Spring Valley
36.173415,-115.332728,2019-01-15,16.0,Palo Verde,333 PAVILION CENTER DRIVE,Nevada,Clark,Las Vegas
35.785665,-115.357087,2019-01-15,27.0,Jean,"1965 State Hwy 161, Jean, NV",Nevada,Clark,Jean
39.469219,-119.775354,2019-01-15,19.0,South Reno,"4110 DE LUCCI LANE, RENO NV 89502",Nevada,Washoe,Reno
39.250409,-119.956738,2019-01-15,40.0,Incline,"855 ALDER DRIVE, INCLINE VILLAGE, NV 89451",Nevada,Washoe,Incline Village-Crystal Bay
36.16976,-115.263038,2019-01-15,15.0,Walter Johnson,7701 DUCHARME AVE,Nevada,Clark,Las Vegas
36.270592,-115.238282,2019-01-15,20.0,Joe Neal,6651 W. AZURE AVE,Nevada,Clark,Las Vegas
33.590833,-116.088333,2019-01-15,19.0,Cabazon Resource Recovery Park Station,90-333 Avenue 63,California,Riverside,Not in a city
33.85275,-116.54101,2019-01-15,24.0,Palm Springs,"FS-590 RACQUET CLUB AVE, PALM SPRINGS",California,Riverside,Palm Springs
33.61235,-114.60209,2019-01-15,20.0,Blythe-445 W Murphy Street,"495 W MURPHY STREET, BLYTHE",California,Riverside,Blythe
39.399837,-119.739606,2019-01-15,25.0,Toll,"684A STATE ROUTE 341, RENO NV 89521",Nevada,Washoe,Reno
39.1447,-119.7661,2019-01-15,27.0,Carson City Armory,2601 SOUTH CARSON ST (OLD NATIONAL GUARD ARMORY),Nevada,Carson City,Carson City
33.747236,-115.820124,2019-01-15,31.0,Joshua Tree NP - Cottonwood Visitor Center,"Joshua Tree National Park, California",California,Riverside,Joshua Tree National Monument
63.7232,-148.9676,2019-01-15,39.0,Denali NP & PRES - Headquarters,DENALI NATIONAL PARK,Alaska,Denali ,Not in a city
28.596389,-81.3625,2019-01-15,28.0,WINTER PARK,"213 S. Denning Ave, Winter Park, FL 32789",Florida,Orange,Winter Park
28.523889,-81.723333,2019-01-15,24.0,Clermont,1901 JOHNS LAKE RD,Florida,Lake,Clermont
40.05278,-88.37251,2019-01-15,29.0,ISWS CLIMATE STATION,TWP RD 500 E.,Illinois,Champaign,Not in a city
39.210857,-87.668297,2019-01-15,26.0,416 S. State St. Hwy 1- West Union,416 S. STATE ST. HWY 1/ WEST UNION,Illinois,Clark,Not in a city
38.113889,-87.536667,2019-01-15,25.0,Inglefield/ Scott School,14940 OLD STATE ROAD/ SCOTT ELEMENTARY,Indiana,Vanderburgh,Not in a city
39.485987,-87.401312,2019-01-15,25.0,TERRE HAUTE CAAP/ McLean High School,Terre Haute- Lafayette Ave.   961 N. LAFAYETTE AVE.,Indiana,Vigo,Terre Haute
39.558525,-87.312883,2019-01-15,29.0,Sandcut/  SITE LOCATED BY HOME BEHIND SHED.,7597 N. STEVENSON RD/ SANDCUT,Indiana,Vigo,Not in a city
41.530011,-90.587611,2019-01-15,20.0,"DAVENPORT, JEFFERSON SCH.",10TH ST. & VINE ST. DAVENPORT,Iowa,Scott,Davenport
41.530011,-90.587611,2019-01-15,20.0,"DAVENPORT, JEFFERSON SCH.",10TH ST. & VINE ST. DAVENPORT,Iowa,Scott,Davenport
38.051667,-87.278056,2019-01-15,24.0,Boonville-  Boonville HS,300 N. 1ST ST./ BOONVILLE HIGH SCHOOL,Indiana,Warrick,Boonville
38.00641,-87.718354,2019-01-15,25.0,ST. PHILLIPS- St. Phillips road CAAP trailer,"2027 S. ST. PHILLIPS RD., Evansville",Indiana,Posey,Not in a city
39.474976,-91.788991,2019-01-15,22.0,MTSP,"MARK TWAIN STATE PARK: 20057 State Park Office Road, Stoutville, MO 65283",Missouri,Monroe,Not in a city
39.474976,-91.788991,2019-01-15,23.0,MTSP,"MARK TWAIN STATE PARK: 20057 State Park Office Road, Stoutville, MO 65283",Missouri,Monroe,Not in a city
38.656429,-90.198348,2019-01-15,20.0,Blair Street,"BLAIR STREET: 3247 Blair Street, St. Louis, MO 63107",Missouri,St. Louis City,St. Louis
38.656429,-90.198348,2019-01-15,20.0,Blair Street,"BLAIR STREET: 3247 Blair Street, St. Louis, MO 63107",Missouri,St. Louis City,St. Louis
37.954444,-87.321667,2019-01-15,26.0,Dayville,"DAYVILLE- 3488 EBLE RD, Newburgh",Indiana,Warrick,Not in a city
38.013333,-87.577222,2019-01-15,24.0,Evansville- Buena Vista,Evansville-Buena Vista-1110 W. Buena Vista Rd.,Indiana,Vanderburgh,Evansville
38.869001,-89.622816,2019-01-15,24.0,Alhambra,"5403 State Road 160, Highland, IL 62249",Illinois,Madison,Not in a city
38.7408,-87.4853,2019-01-15,27.0,Vincennes,"Southwest Purdue Agricultural Center, Vincennes, IN 47591",Indiana,Knox,Not in a city
36.7841,-87.8499,2019-01-15,29.0,Cadiz,"5720 Old Dover Rd, Cadiz, KY 42211",Kentucky,Trigg,Not in a city
46.842181,-114.021499,2019-01-15,17.0,MSLA Boyd Park,"BOYD PARK, 3100 WASHBURN Rd.",Montana,Missoula,Missoula
48.5103,-113.99681,2019-01-15,22.0,Glacier NP - West Glacier Horse Stables,GLACIER NATIONAL PARK,Montana,Flathead,Not in a city
46.8505,-111.987164,2019-01-15,25.0,NCORE - Sieben Flats,"I-15 Exit 209, then Sperry Dr.",Montana,Lewis and Clark,Not in a city
46.2756,-116.0216,2019-01-15,28.0,Nez Perce Tribe,"Woodland Rd, Kamiah, ID 83536",Idaho,Idaho,Not in a city
33.61092,-111.72534,2019-01-15,20.0,FOUNTAIN HILLS,"16426 E PALISADES BLVD,FOUNTAIN HILLS,AZ",Arizona,Maricopa,Fountain Hills
33.293465,-111.285594,2019-01-15,28.0,QUEEN VALLEY,10 S QUEEN ANN  QUEEN VALLEY,Arizona,Pinal,Queen Valley
33.48378,-112.14256,2019-01-15,12.0,WEST PHOENIX,3847 W EARLL DR-WEST PHOENIX STATION,Arizona,Maricopa,Phoenix
33.41018,-111.86536,2019-01-15,21.0,MESA,"310 S BROOKS, MESA",Arizona,Maricopa,Mesa
33.56031,-112.06619,2019-01-15,19.0,NORTH PHOENIX,"601 E BUTLER DR & N 6TH ST,PHOENIX",Arizona,Maricopa,Phoenix
33.45244,-111.73327,2019-01-15,21.0,FALCON FIELD,4530 E MCKELLIPS RD-FALCON FIELD STATION,Arizona,Maricopa,Mesa
33.57453,-112.19193,2019-01-15,12.0,GLENDALE,"6000 W OLIVE AVE,GLENDALE",Arizona,Maricopa,Glendale
33.70639,-111.85575,2019-01-15,27.0,PINNACLE PEAK,24301 N ALMA SCHOOL RD,Arizona,Maricopa,Scottsdale
33.45797,-112.04659,2019-01-15,12.0,CENTRAL PHOENIX,1645 E ROOSEVELT ST-CENTRAL PHOENIX STN,Arizona,Maricopa,Phoenix
33.47968,-111.91721,2019-01-15,17.0,SOUTH SCOTTSDALE,2857 N MILLER RD-S SCOTTSDALE STN,Arizona,Maricopa,Scottsdale
33.40314,-112.07526,2019-01-15,18.0,SOUTH PHOENIX,"33 W TAMARISK AVE, PHOENIX",Arizona,Maricopa,Phoenix
33.29896,-111.88426,2019-01-15,19.0,WEST CHANDLER,"275 S ELLIS, CHANDLER",Arizona,Maricopa,Chandler
33.41123,-111.93471,2019-01-15,16.0,TEMPE,"1525 S COLLEGE AVE, TEMPE",Arizona,Maricopa,Tempe
33.9828,-111.79871,2019-01-15,28.0,HUMBOLDT MOUNTAIN,SEVEN SPRINGS RD-FAA RADAR STN-TONTO NF,Arizona,Maricopa,Not in a city
33.54558,-111.60972,2019-01-15,24.0,BLUE POINT-SHERIFF STATION-TONTO NF-SALT RIVER RECREATION AREA,USERY PASS RD/BUSH HWY,Arizona,Maricopa,Blue Point (District)
33.6547,-111.1074,2019-01-15,29.0,TONTO NM,SOUTH OF SR88,Arizona,Gila,Tonto National Monument
33.508125,-111.83852,2019-01-15,19.0,High School Air Monitoring Station,"4827 NORTH COUNTRY CLUB DRIVE, SCOTTSDALE, AZ 85256",Arizona,Maricopa,Scottsdale
33.488131,-111.855443,2019-01-15,19.0,Senior Center Air Monitoring Station,10844 EAST OSBORN ROAD SCOTTSDALE AZ 85256,Arizona,Maricopa,Scottsdale
33.507992,-111.755334,2019-01-15,20.0,Red Mountain Air Monitoring Station,"15115 BEELINE HIGHWAY, SCOTTSDALE, AZ 86256",Arizona,Maricopa,Scottsdale
33.474609,-111.805769,2019-01-15,19.0,Lehi Air Monitoring Station,"3250 NORTH STAPLEY DRIVE, MESA, AZ 85203",Arizona,Maricopa,Mesa
33.36985,-112.62068,2019-01-15,12.0,BUCKEYE,26453 W. MC85,Arizona,Maricopa,Buckeye
33.503833,-112.095767,2019-01-15,13.0,JLG SUPERSITE,4530 N 17TH AVENUE,Arizona,Maricopa,Phoenix
34.2439,-113.5586,2019-01-15,27.0,ALAMO LAKE,ALAMO LAKE STATE PARK,Arizona,La Paz,Wenden
33.82169,-112.01726,2019-01-15,24.0,CAVE CREEK,37019 N. LAVA LANE. CAVE CREEK AZ,Arizona,Maricopa,Cave Creek
33.63718,-112.34185,2019-01-15,16.0,DYSART,16825 N. DYSART,Arizona,Maricopa,Surprise
33.4214,-111.5436,2019-01-15,20.0,A J MAINTENANCE YARD,"305 E. SUPERSTITION BLVD, APACHE JUNCTION",Arizona,Pinal,Apache Junction
43.460556,-113.562222,2019-01-15,41.0,Craters of the Moon NM & PRES - Visitor Center,"CRATERS OF THE MOON NATIONAL MON, IDAHO",Idaho,Butte,Not in a city
42.373499,-109.560498,2019-01-15,48.0,Juel Spring,Juel Spring - 20 miles NW of Farson on the west side of US Highway 191,Wyoming,Sublette,Not in a city
44.56536,-110.40034,2019-01-15,39.0,Yellowstone NP - Water Tank,YELLOWSTONE NATIONAL PARK,Wyoming,Teton,Not in a city
44.28,-108.041111,2019-01-15,25.0,Basin,Basin (WARMS station),Wyoming,Big Horn,Not in a city
41.750556,-109.788333,2019-01-15,38.0,Moxa Arch,Moxa,Wyoming,Sweetwater,Not in a city
42.719,-109.753,2019-01-15,43.0,Boulder,Boulder APPROX 3 MILES WEST OF BOULDER,Wyoming,Sublette,Not in a city
42.7907,-110.0551,2019-01-15,40.0,Daniel South,DANIEL SOUTH ~ 4 MILES SO OF DANIEL WYO OFF OF HWY 189,Wyoming,Sublette,Not in a city
42.869824,-109.87076,2019-01-15,38.0,Pinedale Gaseous,Pinedale Gaseous Monitor on west side of City Park and Pine Creek,Wyoming,Sublette,Not in a city
42.529999,-108.720003,2019-01-15,44.0,South Pass,South Pass WyDot,Wyoming,Fremont,Not in a city
42.9288,-109.788,2019-01-15,44.0,Pinedale,"Skyline Dr, Pinedale, WY 82941",Wyoming,Sublette,Not in a city
43.670833,-110.599472,2019-01-15,34.0,Grand Teton NP - Science School,Grand Teton NP - Science School,Wyoming,Teton,Not in a city
42.486361,-110.098861,2019-01-15,36.0,Big Piney Site #3,Big Piney Site #3,Wyoming,Sublette,Not in a city
41.842649,-111.852199,2019-01-15,26.0,,675 West 220 North,Utah,Cache,Smithfield
44.52612,-109.01673,2019-01-15,25.0,Cody Mobile,"Sheridan Ave., Cody, WY 82414",Wyoming,Park,Cody
43.48256,-110.74526,2019-01-15,31.0,Jackson Mobile,"East Broadway, Jackson, WY 83001",Wyoming,Teton,Jackson
35.299484,-106.548914,2019-01-15,27.0,,"600 Oak Street, Bernalillo, NM",New Mexico,Sandoval,Not in a city
35.1343,-106.5852,2019-01-15,4.0,DEL NORTE HIGH SCHOOL,4700A SAN MATEO NE,New Mexico,Bernalillo,Albuquerque
35.1852,-106.50815,2019-01-15,22.0,Foothills,8901 LOWELL NE,New Mexico,Bernalillo,Albuquerque
39.638522,-104.569335,2019-01-15,46.0,Aurora East,36001 E. Quincy Ave.,Colorado,Arapahoe,Not in a city
35.338407,-106.524292,2019-01-15,20.0,,8FQG+97 Santa Ana Pueblo,New Mexico,Sandoval,Santa Ana Pueblo
38.307913,-85.834313,2019-01-15,25.0,New Albany- Green Valley Elem. Sch.,2230 GREEN VALLEY ROAD/GREEN VALLEY ELEMENTARY SCHOOL,Indiana,Floyd,New Albany
33.6878,-84.2905,2019-01-15,23.0,South DeKalb,"2390-B Wildcat Road, Decatur GA 30034",Georgia,DeKalb,Not in a city
37.13179,-86.142953,2019-01-15,32.0,Mammoth Cave NP - Houchin Meadow,MAMMOTH CAVE NP - ALFRED COOK ROAD,Kentucky,Edmonson,Not in a city
35.63348,-83.941606,2019-01-15,29.0,Great Smoky Mountains NP - Look Rock,GREAT SMOKY MOUNTAINS NP LOOK ROCK,Tennessee,Blount,Not in a city
38.22876,-85.65452,2019-01-15,26.0,CANNONS LANE,"2730 CANNONS LANE, BOWMAN FIELD",Kentucky,Jefferson,Louisville
38.393822,-85.664118,2019-01-15,25.0,Charlestown State Park- 1051.8 meters East of SR 62/ Indiana armory,12500 St. Rd. 62-Charlestown State Park/ Indiana Armory,Indiana,Clark,Not in a city
36.0388,-85.7331,2019-01-15,31.0,Edgar Evans,"Edgar Evans State Park, Smithville, TN 37166",Tennessee,DeKalb,Not in a city
36.46983,-83.826511,2019-01-15,28.0,Speedwell,"718 Russell Hill Rd, Speedwell, TN 37870",Tennessee,Claiborne,Not in a city
37.3297,-80.5578,2019-01-15,30.0,Horton Station,"1856 Horton Ln, Newport, VA 24128",Virginia,Giles,Not in a city
37.7046,-85.0485,2019-01-15,31.0,Mackville,"542 Wesley-Miller Rd, Harrodsburg, KY 40330",Kentucky,Washington,Not in a city
37.7046,-85.0485,2019-01-15,31.0,Mackville,"542 Wesley-Miller Rd, Harrodsburg, KY 40330",Kentucky,Washington,Not in a city
37.9214,-83.0662,2019-01-15,30.0,Crockett,"State Highway 437, West Liberty, KY 41472",Kentucky,Morgan,Not in a city
33.1787,-84.4052,2019-01-15,30.0,Georgia Station,"Georgia Station Georgia Agricultural Experiment Station, Williamson, GA 30292",Georgia,Pike,Not in a city
34.289001,-85.970065,2019-01-15,27.0,Sand Mountain,"Sand Mountain Alabama Agricultural Experiment Station, Crossville, AL 35962",Alabama,DeKalb,Crossville
21.323745,-158.088613,2019-01-15,31.0,Kapolei,2052 LAUWILIWILI ST,Hawaii,Honolulu,Not in a city
21.303382,-157.871171,2019-01-15,33.0,Sand Island,1039 SAND ISLAND PARKWAY,Hawaii,Honolulu,Honolulu
35.832726,-93.20826,2019-01-15,25.0,DEER,HWY 16,Arkansas,Newton,Not in a city
34.756189,-92.281296,2019-01-15,24.0,PARR,PIKE AVE AT RIVER ROAD,Arkansas,Pulaski,North Little Rock
34.835721,-92.260581,2019-01-15,27.0,NLR AIRPORT,"REMOUNT ROAD N. LITTLE ROCK, ARKANSAS",Arkansas,Pulaski,North Little Rock
35.197288,-90.193141,2019-01-15,24.0,MARION,LH POLK AND COLONIAL DRIVE,Arkansas,Crittenden,Marion
32.536273,-93.74894,2019-01-15,23.0,Shreveport / Airport,1425 Airport Drive,Louisiana,Bossier,Shreveport
36.204902,-95.976537,2019-01-15,16.0,NORTH TULSA - FIRE STATION#24,3520 1/2 N. PEORIA,Oklahoma,Tulsa,Tulsa
32.378682,-94.711811,2019-01-15,19.0,Longview,Gregg Co Airport near Longview,Texas,Gregg,Longview
32.668987,-94.167457,2019-01-15,23.0,Karnack,Hwy 134 & Spur 449,Texas,Harrison,Not in a city
32.344008,-95.415752,2019-01-15,22.0,Tyler Airport Relocated,14790 County Road 1145,Texas,Smith,Tyler
34.454514,-94.143521,2019-01-15,25.0,EAGLE MOUNTAIN,463 POLK 631,Arkansas,Polk,Mena
32.68336,-93.861582,2019-01-15,25.0,Dixie,HAGOOD ROAD,Louisiana,Caddo,Not in a city
32.509959,-92.046196,2019-01-15,22.0,Monroe / Airport,5296 Southwest,Louisiana,Ouachita,Monroe
35.750735,-94.669697,2019-01-15,25.0,STILWELL,"South Highway 59, RR1, 1795 Dahlonegah Park Road, Stilwell, Oklahoma",Oklahoma,Adair,Cherry Tree
34.885608,-95.78441,2019-01-15,20.0,McALESTER MUNICIPAL AIRPORT,104 AIRPORT ROAD,Oklahoma,Pittsburg,McAlester
36.133802,-95.764537,2019-01-15,19.0,TULSA EAST,18707 E. 21ST STREET,Oklahoma,Tulsa,Tulsa
36.1797,-94.116827,2019-01-15,24.0,SPRINGDALE,600 SOUTH OLD MISSOURI ROAD,Arkansas,Washington,Springdale
34.1795,-93.0988,2019-01-15,26.0,Caddo Valley,"Lower Lake Recreation Area, Caddo Valley, AR 71923",Arkansas,Clark,Not in a city
36.011703,-94.167436,2019-01-15,28.0,Fayetteville Airport,429 Ernest Lancaster Dr.,Arkansas,Washington,Fayetteville
32.329111,-90.182722,2019-01-15,28.0,Jackson NCORE,232 East Woodrow Wilson Drive,Mississippi,Hinds,Jackson
36.91841,-95.632286,2019-01-15,18.0,Union,Oklahoma Union School,Oklahoma,Nowata,South Coffeyville
38.920835,-86.080523,2019-01-15,27.0,Brownstown- 225 W & 200 N. Water facility,"225 W & 300 N, BROWNSTOWN",Indiana,Jackson,Not in a city
39.810833,-86.114444,2019-01-15,23.0,Indpls- Washington Park/  in parking lot next to police station,"3120 E. 30TH ST., WASHINGTON PARK",Indiana,Marion,Indianapolis (Remainder)
40.300385,-85.245862,2019-01-15,28.0,Albany- Albany Elem. Sch.,700 W. STATE ST./ ALBANY ELEMENTARY,Indiana,Delaware,Albany
41.606667,-87.304722,2019-01-15,22.0,Gary-IITRI/ 1219.5 meters east of Tennessee St.- old ammuntion bunker,"201 MISSISSIPPI ST., IITRI BUNKER",Indiana,Lake,Gary
39.575634,-86.477893,2019-01-15,27.0,Monrovia- Monrovia HS.,"135 S. CHESTNUT, MONROVIA HIGH SCHOOL",Indiana,Morgan,Monrovia
41.221418,-85.016821,2019-01-15,31.0,Leo High School,"14600 AMSTUTZ RD., LEO HS",Indiana,Allen,Leo-Cedarville
41.094965,-85.101816,2019-01-15,27.0,Ft. Wayne- Beacon St.,2022 NORTH BEACON/ Fort Wayne- Beacon St.,Indiana,Allen,Fort Wayne
39.997732,-86.395394,2019-01-15,29.0,"Perry Worth ELEMENTRY SCHOOL, WEST OF WHITESTOWN","3900 E. 300 S, WHITESTOWN",Indiana,Boone,Not in a city
40.540455,-86.553035,2019-01-15,29.0,Flora-Flora Airport,481 S. 150 W. / FLORA AIRPORT,Indiana,Carroll,Not in a city
41.639444,-87.493611,2019-01-15,18.0,HAMMOND CAAP- Hammond- 141st St.,1300 141 ST STREET,Indiana,Lake,Hammond
41.717762,-86.907786,2019-01-15,28.0,Michigan City- W. Michigan Blvd./  NIPSCO Gas Station,490 W. Michigan Blvd. Michigan City- W. Michigan Blvd.,Indiana,LaPorte,Michigan City
41.629167,-86.684444,2019-01-15,25.0,LAPORTE OZONE SITE AT WATER TREATMENT PLANT,2011 E. LINCOLNWAY  LaPorte- E. Lincolnway,Indiana,LaPorte,La Porte
40.002511,-85.656391,2019-01-15,27.0,SCHOOL LOCATED ON THE SW CORNER OF US 36 AND IND 109,"Emporia  EAST ELEM. SCH., 893 E. US 36, PENDLETON",Indiana,Madison,Not in a city
42.139996,-87.799227,2019-01-15,23.0,NORTHBROOK WATER PLANT,750 DUNDEE ROAD,Illinois,Cook,Northbrook
38.985578,-86.99012,2019-01-15,26.0,"Plummer, 2500 S. W- Citizens gas Plummer maintenance faciliy","2500 S. 275 W, PLUMMER",Indiana,Greene,Not in a city
39.758889,-86.398611,2019-01-15,27.0,"AVON- 255 S. SR 267 (also 255 S. Avon Ave.) Avon, IN","Avon- 7203 E. US HIGHWAY 36, Avon Transportation Cntr.- 255 S. Avon Ave.(updated 2016)",Indiana,Hendricks,Avon
40.959604,-85.37961,2019-01-15,26.0,Roanoke- Roanoke Elem. School,423 WEST VINE STREET - ROANOKE,Indiana,Huntington,Roanoke
39.858889,-86.021389,2019-01-15,21.0,Indpls.- Ft. Harrison,5753 Glenn Rd.- FORT HARRISON STATE PARK,Indiana,Marion,Lawrence
42.984173,-85.671339,2019-01-15,19.0,GR-Monroe,1179 MONROE NW,Michigan,Kent,Grand Rapids
44.310555,-84.891865,2019-01-15,26.0,LOCATED ABOUT 1/4 MILE WEST OF SITE,1769 S JEFFS RD,Michigan,Missaukee,Not in a city
41.6175,-87.199167,2019-01-15,23.0,Ogden Dunes- Water Treatment Plant,84 DIANA RD/ WATER TREATMENT PLANT,Indiana,Porter,Ogden Dunes (Wickliffe)
41.512118,-87.036236,2019-01-15,28.0,VALPARAISO,1000 WESLEY ST./ VALPARAISO WATER DEPT.,Indiana,Porter,Not in a city
41.551667,-86.370556,2019-01-15,29.0,Potato Creek State Park,"25601 STATE RD. 4, North Liberty/ POTATO CREEK STATE PARK",Indiana,St. Joseph,Not in a city
39.613367,-85.870669,2019-01-15,31.0,"TRITON Middle SCHOOL, NORTH OF FAIRLAND","4740  W. 600 N, FAIRLAND",Indiana,Shelby,Not in a city
39.83562,-84.720524,2019-01-15,31.0,Preble NCore,6940 OXFORD GETTYSBURG RD.,Ohio,Preble,New Paris
43.060975,-87.913504,2019-01-15,19.0,MILWAUKEE - SER DNR HDQRS,2300 N M. L. KING JR DR,Wisconsin,Milwaukee,Milwaukee
43.466111,-88.621111,2019-01-15,23.0,HORICON WILDLIFE AREA,"Horicon Wildlife Area, 1210 N Palmatory St",Wisconsin,Dodge,Horicon
40.068297,-85.992451,2019-01-15,28.0,Our Lady of Grace- Noblesville,Noblesville- 9900 E. 191st St.,Indiana,Hamilton,Noblesville
41.69666,-86.214722,2019-01-15,26.0,South Bend-Shields Dr.,2335 SHIELDS DR/ SOUTH BEND CAAP 2,Indiana,St. Joseph,South Bend
41.716959,-85.824696,2019-01-15,26.0,Bristol- Bristol Elem. Sch.,705 INDIANA AVE./ BRISTOL ELEMENTARY,Indiana,Elkhart,Bristol
41.754722,-86.11,2019-01-15,27.0,Granger-Beckley St.,"Granger- Beckley St.  12441 Beckley. St., Granger",Indiana,St. Joseph,Granger
42.2869,-89.9997,2019-01-15,25.0,Stockton,"10952 E. Parker Rd, Stockton, IL 61085",Illinois,Jo Daviess,Not in a city
39.5327,-84.7286,2019-01-15,32.0,Oxford,"Ecology Research Center, Miami University, Oxford, Ohio 45056",Ohio,Butler,Not in a city
39.294322,-85.766816,2019-01-15,26.0,Hope- Hauser Jr-Sr High School,"Hope-Hauser Jr-Sr High School, 9404 N. 775 E.",Indiana,Bartholomew,Hope
39.787933,-86.13088,2019-01-15,18.0,Indpls.- I 70,1650 Ludlow Ave.- Indianapolis- I 70,Indiana,Marion,Indianapolis (Remainder)
39.263914,-86.292269,2019-01-15,28.0,Helmsburg,4831 Helmsburg Rd.- Helmsburg,Indiana,Brown,Not in a city
40.481347,-86.109688,2019-01-15,29.0,Kokomo- E. Vaile Rd.,Kokomo- 1802 E. Vaile Ave.,Indiana,Howard,Kokomo
45.565,-88.8086,2019-01-15,32.0,POTAWATOMI,"FIRE TOWER RD, POTAWATOMI SITE",Wisconsin,Forest,Not in a city
46.602248,-90.656141,2019-01-15,35.0,BAD RIVER TRIBAL SCHOOL - ODANAH,BAD RIVER TRIBAL SCHOOL - ODANAH,Wisconsin,Ashland,Not in a city
45.2066,-90.5969,2019-01-15,29.0,Perkinstown,"W 10746 County Highway M, Medford, WI 54451",Wisconsin,Taylor,Not in a city
32.67618,-115.48307,2019-01-15,29.0,Calexico-Ethel Street,"1029 ETHEL ST, CALEXICO HIGH SCHOOL",California,Imperial,Calexico
32.79222,-115.56306,2019-01-15,23.0,El Centro-9th Street,"150 9TH ST., EL CENTRO",California,Imperial,El Centro
33.0325,-115.62361,2019-01-15,29.0,Westmorland,"202 W FIRST STREET, WESTMORLAND",California,Imperial,Westmorland
33.213611,-115.54528,2019-01-15,15.0,Niland-English Road,"7711 ENGLISH ROAD, NILAND",California,Imperial,Not in a city
32.842318,-116.768293,2019-01-15,38.0,Alpine,"2300 VICTORIA DR., ALPINE",California,San Diego,Alpine
32.466389,-114.768611,2019-01-15,16.0,San Luis Rio Colorado Well 10,Calle 15 & Venustiano Carranza Water Well #10,Country Of Mexico,SONORA,Not in a city
32.690278,-114.61444,2019-01-15,19.0,YUMA SUPERSITE,2323 S ARIZONA AVE,Arizona,Yuma,Yuma
37.950741,-121.268523,2019-01-15,25.0,Stockton-Hazelton,"HAZELTON-HD, STOCKTON",California,San Joaquin,Stockton
38.342606,-120.764426,2019-01-15,33.0,Jackson-Clinton Road," 201 CLINTON ROAD, JACKSON, CA 95642",California,Amador,Jackson
38.20185,-120.680277,2019-01-15,34.0,San Andreas-Gold Strike Road,"501 GOLD STRIKE ROAD, SAN ANDREAS",California,Calaveras,San Andreas
37.642165,-120.994212,2019-01-15,26.0,Modesto-14th Street,"814 14TH ST., MODESTO",California,Stanislaus,Modesto
38.71209,-121.38109,2019-01-15,31.0,North Highlands-Blackfoot,"7823 BLACKFOOT WAY, NORTH HIGHLANDS",California,Sacramento,Not in a city
38.613779,-121.368014,2019-01-15,30.0,Sacramento-Del Paso Manor,"DEL PASO-2701 AVALON DR, SACRAMENTO",California,Sacramento,Arden-Arcade
38.56844,-121.49311,2019-01-15,28.0,Sacramento-1309 T Street,"1309 T ST., SACRAMENTO, CA. 95814",California,Sacramento,Sacramento
38.725282,-120.821916,2019-01-15,36.0,Placerville-Gold Nugget Way," 3111 GOLD NUGGET WAY, PLACERVILLE, CA",California,El Dorado,Placerville
38.302591,-121.420838,2019-01-15,33.0,Elk Grove-Bruceville," 12490 BRUCEVILLE RD, ELK GROVE, CA",California,Sacramento,Not in a city
38.683304,-121.164457,2019-01-15,34.0,Folsom-Natoma St.,"50 NATOMA STREET, FOLSOM",California,Sacramento,Folsom
39.233477,-121.055608,2019-01-15,39.0,Grass Valley-Litton Building,"200 LITTON DR.,  GRASS VALLEY, CA",California,Nevada,Grass Valley
38.494475,-121.211131,2019-01-15,31.0,Sloughhouse,"7250 SLOUGHHOUSE ROAD, SLOUGHHOUSE",California,Sacramento,Not in a city
37.98178,-120.378551,2019-01-15,36.0,Sonora-Barretta Street," 251 S BARRETTA, SONORA, CA 95370",California,Tuolumne,Sonora
39.100174,-120.953832,2019-01-15,35.0,Colfax-City Hall,"CITY HALL-33 S MAIN ST, COLFAX",California,Placer,Colfax
38.74643,-121.26498,2019-01-15,31.0,Roseville-N Sunrise Ave," 151 NO SUNRISE BLVD, ROSEVILLE, CA",California,Placer,Roseville
37.281853,-120.433671,2019-01-15,27.0,Merced-Coffee,"385 S. COFFEE AVENUE, MERCED, CA 95340",California,Merced,Not in a city
39.525083,-119.807717,2019-01-15,19.0,Reno3,"301 A STATE STREET, RENO, NV 89502",Nevada,Washoe,Reno
39.540917,-119.746761,2019-01-15,16.0,Sparks,"750 4TH ST, SPARKS, NV 89431",Nevada,Washoe,Sparks
39.645264,-119.840025,2019-01-15,31.0,Lemmon Valley,"325 PATRICIAN DR, LEMMON VALLEY, NV 89506",Nevada,Washoe,Lemmon Valley-Golden Valley
37.682635,-121.442495,2019-01-15,26.0,Tracy-Airport,"5749 S. TRACY BLVD., TRACY",California,San Joaquin,Tracy
37.488317,-120.836008,2019-01-15,28.0,Turlock," 900 S MINARET STREET, TURLOCK, CA",California,Stanislaus,Turlock
39.602787,-119.247741,2019-01-15,30.0,Fernley,320 HARDIE LANE,Nevada,Lyon,Fernley
38.93568,-121.09959,2019-01-15,33.0,Auburn-Atwood,"11645 Atwood Street, Auburn",California,Placer,Auburn
39.166017,-120.148833,2019-01-15,39.0,Tahoe City-Fairway Drive,"221 Fairway Drive, Tahoe City, CA 96145",California,Placer,Tahoe City
38.867937,-121.338353,2019-01-15,33.0,Lincoln-2885 Moore Road,"2885 MOORE ROAD, LINCOLN, CA 95648",California,Placer,Lincoln
39.621434,-119.71877,2019-01-15,19.0,Spanish Springs,"7200 Pyramid Hwy, Sparks, NV, 89441",Nevada,Washoe,Sparks
37.765946,-122.399044,2019-01-15,34.0,San Francisco,10 ARKANSAS ST.,California,San Francisco,San Francisco
37.654456,-122.031547,2019-01-15,33.0,Hayward,3466 LA MESA DR.,California,Alameda,Hayward
37.936013,-122.026154,2019-01-15,32.0,Concord,2956-A TREAT BOULEVARD,California,Contra Costa,Concord
38.654069,-122.901857,2019-01-15,33.0,Healdsburg-Municipal Airport,"MUNICIPAL AIRPORT-200A HEIDELBERG WAY, HEALDSBURG",California,Sonoma,Healdsburg
38.006311,-121.641918,2019-01-15,24.0,Bethel Island,5551 BETHEL ISLAND RD,California,Contra Costa,Bethel Island
37.687526,-121.784217,2019-01-15,31.0,Livermore,793 Rincon Ave.,California,Alameda,Livermore
38.53445,-121.7734,2019-01-15,28.0,Davis-UCD Campus,"UC DAVIS-CAMPUS, CAMPBELL ROAD WEST OF HIWAY 113 & SOUTH OF HUTCHISON DRIVE.",California,Yolo,Not in a city
38.66121,-121.73269,2019-01-15,30.0,Woodland-Gibson Road,"41929 E. GIBSON ROAD, WOODLAND",California,Yolo,Woodland
37.97231,-122.520004,2019-01-15,37.0,San Rafael,534 4TH ST.,California,Marin,San Rafael
39.14566,-123.20298,2019-01-15,28.0,Ukiah-Gobbi Street," 306 E. GOBBI STREET, UKIAH, CA",California,Mendocino,Ukiah
38.102507,-122.237976,2019-01-15,28.0,Vallejo,304 TUOLUMNE ST.,California,Solano,Vallejo
38.227066,-122.075624,2019-01-15,29.0,Fairfield,1010 CHADBOURNE RD,California,Solano,Fairfield
37.9604,-122.356811,2019-01-15,33.0,San Pablo,"1865 D RUMRILL BLVD, San Pablo",California,Contra Costa,San Pablo
38.35655,-121.94986,2019-01-15,25.0,Vacaville-Ulatis Drive,"2012 ULATIS DRIVE, VACAVILLE",California,Solano,Vacaville
39.53387,-122.190834,2019-01-15,33.0,Willows-Colusa Street,"720 N Colusa Street, Willows",California,Glenn,Not in a city
37.814781,-122.282347,2019-01-15,31.0,Oakland West,1100 21st Street,California,Alameda,Oakland
39.18919,-121.99887,2019-01-15,30.0,Colusa-Sunrise Blvd,"100 SUNRISE BLVD., COLUSA",California,Colusa,Colusa
37.743065,-122.169935,2019-01-15,29.0,Oakland,9925 International Blvd,California,Alameda,Oakland
39.138773,-121.618549,2019-01-15,23.0,Yuba City,"773 ALMOND ST, YUBA CITY",California,Sutter,Yuba City
39.76168,-121.84047,2019-01-15,31.0,Chico-East Avenue,"984 East Avenue, Chico",California,Butte,Chico
37.743649,-121.934188,2019-01-15,31.0,San Ramon,9885 Alcosta BLVD,California,Contra Costa,San Ramon
38.403765,-122.818294,2019-01-15,32.0,Sebastopol,"103 Morris Street,",California,Sonoma,Sebastopol
38.278849,-122.275024,2019-01-15,33.0,Napa Valley College,Magnolia Drive and Route 221,California,Napa,Napa
39.01893,-122.91333,2019-01-15,31.0,Lakeport-S. Main Street,"2617 S. Main Street, Lakeport, CA 95453",California,Lake,Lakeport
37.864767,-122.302741,2019-01-15,30.0,Berkeley Aquatic Park,1 Bolivar Dr,California,Alameda,Not in a city
38.115152,-86.60325,2019-01-15,24.0,Leopold- Perry Central HS,19856 OLD ST RD 37/PERRY CENTRAL HS/ LEOPOLD,Indiana,Perry,Not in a city
47.568236,-122.308628,2019-01-15,3.0,SEATTLE - BEACON HILL,4103 BEACON HILL S,Washington,King,Seattle
46.7841,-121.740367,2019-01-15,39.0,MT RAINIER - JACKSON VISITIORS CENTER,"JACKSON VISITOR'S CENTER MT RAINIER, WA",Washington,Pierce,Not in a city
48.29786,-124.62491,2019-01-15,22.0,CHEEKA PEAK,LOCATED IN A TREE FARM (Cheeka Peak),Washington,Clallam,Not in a city
32.00941,-109.38906,2019-01-15,30.0,Chiricahua NM - Entrance Station,CHIRICAHUA NATIONAL MOUMENT,Arizona,Cochise,Not in a city
32.425261,-111.06352,2019-01-15,18.0,TANGERINE,"12101 N CAMINO DE OESTE, TUCSON",Arizona,Pima,Marana
32.04767,-110.774357,2019-01-15,23.0,FAIRGROUNDS,"11330 S HOUGHTON, TUCSON",Arizona,Pima,Tucson
32.29515,-110.9823,2019-01-15,16.0,CHILDREN'S PARK NCore,400 W RIVER ROAD,Arizona,Pima,Tucson
32.174538,-110.737116,2019-01-15,27.0,SAGUARO PARK,"3905 S. OLD SPANISH TRAIL, SAGUARO PARK EAST",Arizona,Pima,Not in a city
32.954361,-111.76225,2019-01-15,16.0,CASA GRANDE AIRPORT,660 W. AERO DR. CASA GRANDE,Arizona,Pinal,Casa Grande
32.508306,-111.308056,2019-01-15,18.0,PINAL AIR PARK,WATER WELL #2 PINAL AIR PARK RD MARANA,Arizona,Pinal,Red Rock
32.38082,-111.12716,2019-01-15,19.0,COACHLINE,9597 N. COACHLINE BLVD,Arizona,Pima,Marana
32.172995,-110.980134,2019-01-15,18.0,ROSE ELEMENTARY,710 W. MICHIGAN ST.,Arizona,Pima,Tucson
37.482934,-122.20337,2019-01-15,35.0,Redwood City,897 BARRON AVE.,California,San Mateo,Redwood City
37.226862,-121.979675,2019-01-15,36.0,Los Gatos,306 UNIVERSITY AVE.,California,Santa Clara,Los Gatos
37.079379,-121.600031,2019-01-15,34.0,San Martin,13030 MURPHY AVE.,California,Santa Clara,San Martin
37.348497,-121.894898,2019-01-15,29.0,San Jose - Jackson,158B JACKSON ST,California,Santa Clara,San Jose
43.081667,-107.549444,2019-01-15,35.0,Spring Creek,Spring Creek Encana,Wyoming,Fremont,Not in a city
42.82231,-106.36501,2019-01-15,41.0,Casper Gaseous,"2800 Pheasant Drive, Casper",Wyoming,Natrona,Casper
42.8608,-106.23586,2019-01-15,27.0,,"Sinclair, Casper",Wyoming,Natrona,Brookhurst
43.101281,-105.498931,2019-01-15,39.0,Converse County Long-Term,"Converse County Long-Term 16 Miles West of Wyoming Highway 59 on Highland Loop Road, North side of road",Wyoming,Converse,Not in a city
31.87952,-110.99644,2019-01-15,25.0,GREEN VALLEY  -REPLACES SITE 0007 245 W ESPERANZA,601 NORTH LA CANADA DRIVE,Arizona,Pima,Green Valley
38.895572,-76.958072,2019-01-15,10.0,RIVER TERRACE,"420 34th Street N.E.,Washington, DC 20019",District Of Columbia,District of Columbia,Washington
38.921847,-77.013178,2019-01-15,31.0,MCMILLAN  NCore-PAMS,"2500 1ST STREET, N.W. WASHINGTON DC",District Of Columbia,District of Columbia,Washington
39.5513,-75.732,2019-01-15,29.0,Lums Pond,LUMS POND STATE PARK,Delaware,New Castle,Not in a city
39.310833,-76.474444,2019-01-15,30.0,Essex,600 Dorsey Avenue,Maryland,Baltimore,Essex
39.92002,-77.30968,2019-01-15,33.0,NARSTO SITE ARENDTSVILLE,NARSTO SITE - ARENDTSVILLE,Pennsylvania,Adams,Not in a city
40.811389,-77.877028,2019-01-15,33.0,LAT/LON=POINT SW CORNER OF TRAILER,PENN STATE UNIVERSITY - ARBORETUM SITE,Pennsylvania,Centre,State College
41.1175,-78.526194,2019-01-15,33.0,MOSHANNON STATE FOREST,LOCATED NEAR S.B. ELLIOTT STATE PARK,Pennsylvania,Clearfield,Not in a city
40.246992,-76.846988,2019-01-15,28.0,A420430401LAT/LON POINT IS AT CORNER OF TRAILER,"651 Gibson Blvd., Harrisburg, PA 17104",Pennsylvania,Dauphin,Not in a city
40.272222,-76.681389,2019-01-15,29.0,A420431100LAT/LON POINT IS AT CORNER OF TRAILER,SIPE AVE & MAE STREET,Pennsylvania,Dauphin,Hershey
40.535278,-78.370833,2019-01-15,29.0,,2ND AVE & 7TH ST,Pennsylvania,Blair,Altoona
37.55652,-77.40027,2019-01-15,19.0,MathScience Innovation Center,2401 HARTMAN STREET  MATH & SCIENCE CTR,Virginia,Henrico,East Highland Park
41.265556,-75.846389,2019-01-15,24.0,A420791101LAT/LON POINT IS AT CORNER OF TRAILER,CHILWICK & WASHINGTON STS,Pennsylvania,Luzerne,Wilkes-Barre
40.046667,-76.283333,2019-01-15,28.0,A420710007LAT/LON POINT AT CORNER OF TRAILER,ABRAHAM LINCOLN JR HIGH GROFFTOWN RD,Pennsylvania,Lancaster,Lancaster
39.965278,-76.699444,2019-01-15,26.0,A421330008LAT/LON POINT AT CORNER OF TRAILER,HILL ST.,Pennsylvania,York,York
38.5231,-78.43471,2019-01-15,37.0,Shenandoah NP - Big Meadows,SHENANDOAH NP BIG MEADOWS,Virginia,Madison,Not in a city
39.834461,-75.768242,2019-01-15,24.0,CHESTER COUNTY TRANSPORT SITE INTO PHILADELPHIA,NEW GARDEN AIRPORT - TOUGHKENAMON,Pennsylvania,Chester,Not in a city
40.51408,-75.789721,2019-01-15,24.0,Kutztown,Kutztown University Campus,Pennsylvania,Berks,Not in a city
40.043833,-76.1124,2019-01-15,23.0,Lancaster DW,3545 W. Newport Road,Pennsylvania,Lancaster,Not in a city
39.86097,-76.462055,2019-01-15,27.0,York DW,2650 Delta Road,Pennsylvania,York,Not in a city
41.2508,-76.9238,2019-01-15,28.0,MONTOURSVILLE,899 CHERRY STREET,Pennsylvania,Lycoming,Montoursville
40.38335,-75.9686,2019-01-15,26.0,Reading Airport,1059 Arnold Road,Pennsylvania,Berks,Not in a city
39.055277,-76.878333,2019-01-15,31.0,HU-Beltsville,"Howard University's Beltsville Laboratory, 12003 Old Baltimore Pike",Maryland,Prince George's,Beltsville
38.970092,-77.016715,2019-01-15,29.0,Takoma Rec Center,"301 Van Buren Street, N.W. Washington DC 20012",District Of Columbia,District of Columbia,Washington
39.9231,-77.3078,2019-01-15,33.0,Arendtsville,"747 Winding Rd, Biglerville, PA 17307",Pennsylvania,Adams,Not in a city
40.7208,-77.9319,2019-01-15,32.0,Penn State,"1366 Tadpole Rd, Pennsylvania Furnace, PA 16865",Pennsylvania,Centre,Not in a city
39.0284,-76.8171,2019-01-15,31.0,Beltsville,"Powder Mill Rd, Laurel, MD 20708",Maryland,Prince George's,Not in a city
38.444971,-76.111274,2019-01-15,26.0,Blackwater NWR,"Blackwater National Wildlife Refuge, Cambridge, MD 21613",Maryland,Dorchester,Not in a city
37.1655,-78.3069,2019-01-15,24.0,Prince Edward,"Prince Edward-Gallion State Forest, Burkeville, VA 23922",Virginia,Prince Edward,Not in a city
38.587525,-76.141006,2019-01-15,27.0,Horn Point,University of Maryland for Environmental and Estuarine Studies,Maryland,Dorchester,Not in a city
40.337328,-76.383447,2019-01-15,29.0,Lebanon,125 Birch Road,Pennsylvania,Lebanon,Not in a city
39.961111,-77.475556,2019-01-15,30.0,HIGH ELEVATION OZONE SITE,FOREST ROAD - METHODIST HILL,Pennsylvania,Franklin,Not in a city
47.5812,-103.2995,2019-01-15,23.0,TRNP-NU,"229 SERVICE RD., WATFORD CITY",North Dakota,McKenzie,Not in a city
47.298611,-101.766944,2019-01-15,28.0,BEULAH NORTH,6024 HIGHWAY 200,North Dakota,Mercer,Not in a city
47.185833,-101.428056,2019-01-15,28.0,HANNOVER,1575 HIGHWAY 31,North Dakota,Oliver,Not in a city
45.366151,-106.48982,2019-01-15,27.0,Birney - Tongue river,"SR 566, 3 Miles N of Birney",Montana,Rosebud,Not in a city
45.440295,-105.370283,2019-01-15,28.0,BROADUS,Big Powder River Road East,Montana,Powder River,Not in a city
47.940861,-101.571583,2019-01-15,29.0,Ryder,184th Street SW Ryder,North Dakota,Ward,Not in a city
48.15278,-103.63951,2019-01-15,22.0,Williston,10th Street West,North Dakota,Williams,Williston
47.342423,-102.645864,2019-01-15,24.0,Lake Ilo,5th Street South West Dunn Center,North Dakota,Dunn,Dunn Center
47.8679,-104.676944,2019-01-15,26.0,Sidney 201,Corner of CR 326 and State Highway 201,Montana,Richland,Not in a city
18.440774,-66.126531,2019-01-15,31.0,,PR 165,Puerto Rico,Catano,Catano
46.81826,-92.08936,2019-01-15,30.0,U of M - Duluth,1202 EAST UNIVERSITY CIRCLE,Minnesota,Saint Louis,Duluth
48.41252,-92.829225,2019-01-15,34.0,Voyageurs NP - Sullivan Bay,VOYAGEURS NATIONAL PARK,Minnesota,Saint Louis,Not in a city
47.048537,-109.455315,2019-01-15,28.0,Lewistown,303 East Aztec Drive Lewistown MT 59457,Montana,Fergus,Not in a city
